id,fname,lname,email
1,Hollyanne,Gimert,hgimert0@noaa.gov
2,Natalee,Flacknell,nflacknell1@yale.edu
3,Rolland,Patinkin,rpatinkin2@shinystat.com
4,Clovis,Caudell,ccaudell3@livejournal.com
5,Graig,Dougal,gdougal4@ucsd.edu
6,Alwin,Barensky,abarensky5@rediff.com
7,Gilberte,Beeston,gbeeston6@auda.org.au
8,Kilian,Yann,kyann7@elpais.com
9,Truda,Thew,tthew8@newsvine.com
10,Gay,Trace,gtrace9@yandex.ru
